robot,t,center_distance,inflated_clearance,active_flag
robot1,1783819663.1039872,0.36999999999999994,0.11999999999999994,1.0
robot1,1783819663.42607,0.36999999999999994,0.11999999999999994,1.0
robot1,1783819663.5244873,0.36999999999999994,0.11999999999999994,1.0
robot1,1783819663.7000341,0.3701362672082142,0.12013626720821419,1.0
robot1,1783819663.900048,0.3704007952262271,0.1204007952262271,1.0
robot1,1783819664.1003985,0.37080329240441057,0.12080329240441057,1.0
robot1,1783819664.3005147,0.3713449422880158,0.12134494228801579,1.0
robot1,1783819664.5001438,0.37202219039305723,0.12202219039305723,1.0
robot1,1783819664.7001705,0.37283540064180865,0.12283540064180865,1.0
robot1,1783819664.9019165,0.373784166960591,0.12378416696059102,1.0
robot1,1783819665.1017082,0.37486408168165797,0.12486408168165797,1.0
robot1,1783819665.299756,0.37607612359248804,0.12607612359248804,1.0
robot1,1783819665.501327,0.37741755090705087,0.12741755090705087,1.0
robot1,1783819665.6996584,0.378885937066107,0.12888593706610701,1.0
robot1,1783819665.8996289,0.38048041378605446,0.13048041378605446,1.0
robot1,1783819666.0992653,0.38219400527239084,0.13219400527239084,1.0
robot1,1783819666.2999387,0.38402920515616434,0.13402920515616434,1.0
robot1,1783819666.4994903,0.38597882670974454,0.13597882670974454,1.0
robot1,1783819666.6997845,0.3880467787193798,0.13804677871937981,1.0
robot1,1783819666.8994362,0.39022236883341216,0.14022236883341216,1.0
robot1,1783819667.0994651,0.3925095464486038,0.1425095464486038,1.0
robot1,1783819667.3002472,0.39490694971991624,0.14490694971991624,1.0
robot1,1783819667.4993343,0.3973840511724248,0.1473840511724248,1.0
robot1,1783819667.6990786,0.3999772231859319,0.14997722318593187,1.0
robot1,1783819667.8995059,0.40266076699760395,0.15266076699760395,0.0
robot1,1783819668.100078,0.40543165256862995,0.15543165256862995,0.0
robot1,1783819668.2989783,0.4082992898376362,0.1582992898376362,0.0
robot1,1783819668.4998186,0.4112459283430221,0.1612459283430221,0.0
robot1,1783819668.7006721,0.4142758588536093,0.1642758588536093,0.0
robot1,1783819668.8996673,0.417379464143278,0.16737946414327798,0.0
robot1,1783819669.1006036,0.42055974411628905,0.17055974411628905,0.0
robot1,1783819669.2995293,0.4238088050909949,0.1738088050909949,0.0
robot1,1783819669.5001915,0.42712535380917754,0.17712535380917754,0.0
robot1,1783819669.7002325,0.43050662545795093,0.18050662545795093,0.0
robot1,1783819669.899654,0.4339385654277722,0.1839385654277722,0.0
robot1,1783819670.0994549,0.43740471970363864,0.18740471970363864,0.0
robot1,1783819670.301807,0.4408976519719537,0.19089765197195369,0.0
robot1,1783819670.500057,0.4444005667360706,0.1944005667360706,0.0
robot1,1783819670.699379,0.4479157238460286,0.19791572384602862,0.0
robot1,1783819670.900027,0.45144150546448014,0.20144150546448014,0.0
robot1,1783819671.1002865,0.4549637066207131,0.20496370662071312,0.0
robot1,1783819671.2995632,0.4584586478288077,0.20845864782880769,0.0
robot1,1783819671.5003755,0.4616608398433165,0.21166083984331652,0.0
robot1,1783819671.701245,0.4641443786507462,0.2141443786507462,0.0
robot1,1783819671.899196,0.4661965387159593,0.21619653871595929,0.0
robot1,1783819672.0997,0.46779552372838346,0.21779552372838346,0.0
robot1,1783819672.3024085,0.4686551601264879,0.2186551601264879,0.0
robot1,1783819672.5003464,0.4686551601264879,0.2186551601264879,0.0
robot1,1783819672.6999123,0.4686551601264879,0.2186551601264879,0.0
robot1,1783819672.900346,0.4686551601264879,0.2186551601264879,0.0
robot1,1783819673.0999575,0.4686551601264879,0.2186551601264879,0.0
robot1,1783819673.3015454,0.4692162739041034,0.21921627390410342,0.0
robot1,1783819673.4992356,0.4706140120607817,0.22061401206078168,0.0
robot1,1783819673.7019022,0.471423298871545,0.221423298871545,0.0
robot1,1783819673.9010742,0.471423298871545,0.221423298871545,0.0
robot1,1783819674.100134,0.471423298871545,0.221423298871545,0.0
robot1,1783819674.2996511,0.47196487718444224,0.22196487718444224,0.0
robot1,1783819674.5045044,0.4733104334949679,0.22331043349496787,0.0
robot1,1783819674.7023163,0.47470902571745843,0.22470902571745843,0.0
robot1,1783819674.9005954,0.4761395372692755,0.2261395372692755,0.0
robot1,1783819675.0998821,0.4776183971366539,0.22761839713665388,0.0
robot1,1783819675.3016098,0.47914129412813133,0.22914129412813133,0.0
robot1,1783819675.500279,0.48068405758427346,0.23068405758427346,0.0
robot1,1783819675.7019827,0.4822532036014334,0.23225320360143342,0.0
robot1,1783819675.9025147,0.4838339158017856,0.23383391580178559,0.0
robot1,1783819676.1003146,0.4854270504288498,0.23542705042884982,0.0
robot1,1783819676.3017683,0.48703552719509613,0.23703552719509613,0.0
robot1,1783819676.5026255,0.48864617818308276,0.23864617818308276,0.0
robot1,1783819676.699253,0.4902408463222994,0.24024084632229942,0.0
robot1,1783819676.9014893,0.49184678761765666,0.24184678761765666,0.0
robot1,1783819677.0996532,0.49341700422302526,0.24341700422302526,0.0
robot1,1783819677.3000493,0.49499784281906534,0.24499784281906534,0.0
robot1,1783819677.5001485,0.4965615267201897,0.24656152672018972,0.0
robot1,1783819677.701935,0.498106561562753,0.24810656156275301,0.0
robot1,1783819677.9004035,0.4996135667407426,0.2496135667407426,0.0
robot1,1783819678.0998223,0.5010679169990045,0.25106791699900455,0.0
robot1,1783819678.300832,0.5024587609695801,0.2524587609695801,0.0
robot1,1783819678.5002542,0.5037862028808032,0.2537862028808032,0.0
robot1,1783819678.7017336,0.5050541358564863,0.2550541358564863,0.0
robot1,1783819678.8997858,0.5062574140121974,0.25625741401219737,0.0
robot1,1783819679.1013207,0.5073974395505989,0.2573974395505989,0.0
robot1,1783819679.2997966,0.5084746842900422,0.25847468429004217,0.0
robot1,1783819679.5006108,0.5094886268395389,0.2594886268395389,0.0
robot1,1783819679.7003565,0.5104391080492476,0.26043910804924764,0.0
robot1,1783819679.9016523,0.511326020350327,0.26132602035032704,0.0
robot1,1783819680.0995467,0.5121480643416918,0.2621480643416918,0.0
robot1,1783819680.3005302,0.5129078399962026,0.2629078399962026,0.0
robot1,1783819680.499362,0.5136022481140706,0.2636022481140706,0.0
robot1,1783819680.6999202,0.5142327525328698,0.2642327525328698,0.0
robot1,1783819680.8996973,0.514798303424566,0.264798303424566,0.0
robot1,1783819681.1012545,0.515299857686341,0.265299857686341,0.0
robot1,1783819681.3000183,0.5157355886975865,0.2657355886975865,0.0
robot1,1783819681.4997792,0.5161071764518947,0.26610717645189474,0.0
robot1,1783819681.7020066,0.5164144160715438,0.2664144160715438,0.0
robot1,1783819681.9000661,0.5166562565147428,0.2666562565147428,0.0
robot1,1783819682.1008263,0.5168326704991792,0.26683267049917925,0.0
robot1,1783819682.2998796,0.5169446403741558,0.2669446403741558,0.0
robot1,1783819682.4994264,0.5169913219080825,0.2669913219080825,0.0
robot1,1783819682.6998513,0.5169729748698355,0.2669729748698355,0.0
robot1,1783819682.8999186,0.5168896174958842,0.26688961749588425,0.0
robot1,1783819683.099772,0.5167410990089785,0.26674109900897847,0.0
robot1,1783819683.299391,0.5165277289748756,0.26652772897487564,0.0
robot1,1783819683.4994385,0.516249353877602,0.26624935387760196,0.0
robot1,1783819683.7013347,0.5159061407054887,0.2659061407054887,0.0
robot1,1783819683.8997993,0.5155008966111568,0.26550089661115683,0.0
robot1,1783819684.1017892,0.5150560012415635,0.2650560012415635,0.0
robot1,1783819684.2991958,0.5146014073947962,0.2646014073947962,0.0
robot1,1783819684.500027,0.5141593067214313,0.2641593067214313,0.0
robot1,1783819684.7000406,0.5137393570871204,0.2637393570871204,0.0
robot1,1783819684.9006171,0.5133467591195573,0.2633467591195573,0.0
robot1,1783819685.1001577,0.512984572782976,0.26298457278297604,0.0
robot1,1783819685.3002648,0.5126528368158907,0.2626528368158907,0.0
robot1,1783819685.499894,0.5123520387577438,0.2623520387577438,0.0
robot1,1783819685.7004356,0.5120827748601199,0.2620827748601199,0.0
robot1,1783819685.9013078,0.511844786150138,0.26184478615013795,0.0
robot1,1783819686.1009884,0.5116376437389639,0.2616376437389639,0.0
robot1,1783819686.3011477,0.5114620415721701,0.2614620415721701,0.0
robot1,1783819686.50307,0.5113175118190783,0.26131751181907825,0.0
robot1,1783819686.7015676,0.5112042028605073,0.2612042028605073,0.0
robot1,1783819686.9008086,0.5111223608585199,0.2611223608585199,0.0
robot1,1783819687.1015863,0.5110717124378791,0.2610717124378791,0.0
robot1,1783819687.300284,0.5110523815591856,0.26105238155918564,0.0
robot1,1783819687.5003712,0.5110643815138746,0.26106438151387457,0.0
robot1,1783819687.6991947,0.5111075889595476,0.26110758895954755,0.0
robot1,1783819687.9051373,0.5111823209854968,0.26118232098549676,0.0
robot1,1783819688.1005814,0.511288081496277,0.261288081496277,0.0
robot1,1783819688.301866,0.5114252970634119,0.2614252970634119,0.0
robot1,1783819688.501925,0.5115939404680176,0.26159394046801765,0.0
robot1,1783819688.7004075,0.5117930524759297,0.26179305247592966,0.0
robot1,1783819688.9034152,0.512024547633487,0.26202454763348704,0.0
robot1,1783819689.1015034,0.5122861558644316,0.2622861558644316,0.0
robot1,1783819689.299447,0.5125804895759489,0.2625804895759489,0.0
robot1,1783819689.5012474,0.5129034633051157,0.2629034633051157,0.0
robot1,1783819689.7026916,0.5132583320263119,0.2632583320263119,0.0
robot1,1783819689.9001813,0.5136435106058709,0.2636435106058709,0.0
robot1,1783819690.1013803,0.5140602546098578,0.2640602546098578,0.0
robot1,1783819690.3018253,0.5145079882746133,0.2645079882746133,0.0
robot1,1783819690.4997451,0.514985657623129,0.264985657623129,0.0
robot1,1783819690.7004182,0.5154944031246486,0.26549440312464856,0.0
robot1,1783819690.9078526,0.5160341861757703,0.26603418617577035,0.0
robot1,1783819691.1398118,0.5160341861757703,0.26603418617577035,0.0
robot1,1783819691.3020723,0.5172033143226282,0.2672033143226282,0.0
robot1,1783819691.500182,0.517833333315878,0.267833333315878,0.0
robot1,1783819691.705916,0.5184952964607474,0.26849529646074743,0.0
robot1,1783819691.9008193,0.519183928927948,0.26918392892794796,0.0
robot1,1783819692.0999076,0.5199040392345071,0.2699040392345071,0.0
robot1,1783819692.3023221,0.5206539964701503,0.2706539964701503,0.0
robot1,1783819692.5041826,0.521432856738407,0.271432856738407,0.0
robot1,1783819692.699825,0.5222426166266266,0.27224261662662663,0.0
robot1,1783819692.8998563,0.5230818219472471,0.27308182194724706,0.0
robot1,1783819693.1004956,0.523948817649986,0.273948817649986,0.0
robot1,1783819693.301903,0.5248446665852883,0.2748446665852883,0.0
robot1,1783819693.50145,0.5257700373457825,0.27577003734578254,0.0
robot1,1783819693.7015996,0.5267245277954549,0.27672452779545487,0.0
robot1,1783819693.8997157,0.5277068433307586,0.27770684333075857,0.0
robot1,1783819694.0997188,0.5287179776917773,0.2787179776917773,0.0
robot1,1783819694.3007371,0.5297575390378794,0.27975753903787937,0.0
robot1,1783819694.50108,0.5308250674626871,0.2808250674626871,0.0
robot1,1783819694.6997092,0.5319204898043596,0.2819204898043596,0.0
robot1,1783819694.899695,0.5330437644778485,0.2830437644778485,0.0
robot1,1783819695.1027892,0.5341949477925604,0.2841949477925604,0.0
robot1,1783819695.3016548,0.5353763168794311,0.2853763168794311,0.0
robot1,1783819695.5002542,0.5365791666257043,0.28657916662570426,0.0
robot1,1783819695.6999702,0.5378119357323397,0.28781193573233965,0.0
robot1,1783819695.902966,0.539070478280271,0.289070478280271,0.0
robot1,1783819696.1008272,0.5403584924044044,0.29035849240440437,0.0
robot1,1783819696.3015773,0.5416709949360684,0.2916709949360684,0.0
robot1,1783819696.5007894,0.5430088082899701,0.2930088082899701,0.0
robot1,1783819696.7017949,0.5443734343356168,0.2943734343356168,0.0
robot1,1783819696.9013333,0.5457659380402518,0.29576593804025175,0.0
robot1,1783819697.09971,0.5471815523428355,0.2971815523428355,0.0
robot1,1783819697.303193,0.5486244187501068,0.2986244187501068,0.0
robot1,1783819697.4993594,0.5500905140821968,0.3000905140821968,0.0
robot1,1783819697.6994596,0.5515773691027367,0.3015773691027367,0.0
robot1,1783819697.8998547,0.5530529129477425,0.3030529129477425,0.0
robot1,1783819698.099965,0.5544685332634827,0.30446853326348267,0.0
robot1,1783819698.2993624,0.5558245073830625,0.30582450738306255,0.0
robot1,1783819698.4999275,0.557110245325164,0.30711024532516396,0.0
robot1,1783819698.6999907,0.5583336827085129,0.3083336827085129,0.0
robot1,1783819698.900389,0.5594909684772033,0.30949096847720325,0.0
robot1,1783819699.1003103,0.5605585092611488,0.3105585092611488,0.0
robot1,1783819699.2996402,0.5615200615591818,0.31152006155918177,0.0
robot1,1783819699.4998333,0.5623779194051187,0.3123779194051187,0.0
robot1,1783819699.6995494,0.563149574175865,0.313149574175865,0.0
robot1,1783819699.901291,0.5638400756849279,0.3138400756849279,0.0
robot1,1783819700.0996213,0.5644498078689315,0.3144498078689315,0.0
robot1,1783819700.299585,0.5649888591222381,0.31498885912223806,0.0
robot1,1783819700.5001001,0.565460102586286,0.315460102586286,0.0
robot1,1783819700.6993906,0.5658693229220653,0.31586932292206527,0.0
robot1,1783819700.8999162,0.5662184242703865,0.3162184242703865,0.0
robot1,1783819701.1009116,0.5665088880399007,0.31650888803990074,0.0
robot1,1783819701.2996457,0.5667422265775159,0.31674222657751594,0.0
robot1,1783819701.4998434,0.5669189662589881,0.3169189662589881,0.0
robot1,1783819701.7012951,0.5670396949711066,0.3170396949711066,0.0
robot1,1783819701.9005177,0.5671033541964035,0.31710335419640345,0.0
robot1,1783819702.099541,0.5671091218868548,0.3171091218868548,0.0
robot1,1783819702.2999413,0.5670562950225426,0.3170562950225426,0.0
robot1,1783819702.502275,0.5669426984018332,0.3169426984018332,0.0
robot1,1783819702.7012377,0.5667666204986213,0.31676662049862125,0.0
robot1,1783819702.9002075,0.5665274830009218,0.3165274830009218,0.0
robot1,1783819703.1010077,0.5662211271695542,0.3162211271695542,0.0
robot1,1783819703.3002756,0.5658457155159167,0.31584571551591667,0.0
robot1,1783819703.5017135,0.5654007337926109,0.3154007337926109,0.0
robot1,1783819703.6998324,0.564883954333956,0.314883954333956,0.0
robot1,1783819703.9038644,0.5642887084695497,0.3142887084695497,0.0
robot1,1783819704.1016152,0.56361791463162,0.31361791463162003,0.0
robot1,1783819704.300308,0.5628644463860002,0.3128644463860002,0.0
robot1,1783819704.5017986,0.5620294689292874,0.3120294689292874,0.0
robot1,1783819704.7004464,0.561122666449263,0.311122666449263,0.0
robot1,1783819704.8998652,0.5601483014835541,0.3101483014835541,0.0
robot1,1783819705.1008086,0.5591076560853404,0.3091076560853404,0.0
robot1,1783819705.300481,0.5580017303906889,0.3080017303906889,0.0
robot1,1783819705.4995043,0.5568290119180819,0.3068290119180819,0.0
robot1,1783819705.6996343,0.5555928313531288,0.30559283135312876,0.0
robot1,1783819705.8998625,0.5542893986989896,0.30428939869898963,0.0
robot1,1783819706.1009433,0.5529207104849461,0.30292071048494607,0.0
robot1,1783819706.2996445,0.5514907891034618,0.30149078910346183,0.0
robot1,1783819706.4994006,0.5499947546368482,0.2999947546368482,0.0
robot1,1783819706.699347,0.5484337910711782,0.2984337910711782,0.0
robot1,1783819706.8994093,0.5468118700185228,0.2968118700185228,0.0
robot1,1783819707.100482,0.5451259947052941,0.2951259947052941,0.0
robot1,1783819707.3001626,0.5433720058946346,0.29337200589463464,0.0
robot1,1783819707.50028,0.5415703660164216,0.2915703660164216,0.0
robot1,1783819707.700075,0.5397786810621783,0.2897786810621783,0.0
robot1,1783819707.9014685,0.5380609826161666,0.28806098261616664,0.0
robot1,1783819708.1002536,0.5364533284263147,0.28645332842631466,0.0
robot1,1783819708.3001683,0.5349613278305625,0.2849613278305625,0.0
robot1,1783819708.4999955,0.5335844339104581,0.28358443391045807,0.0
robot1,1783819708.7023094,0.5323359568818682,0.2823359568818682,0.0
robot1,1783819708.900587,0.531210915860995,0.281210915860995,0.0
robot1,1783819709.1035929,0.5302070873843794,0.2802070873843794,0.0
robot1,1783819709.3032434,0.5293275893890006,0.2793275893890006,0.0
robot1,1783819709.4996557,0.5285676144058115,0.27856761440581146,0.0
robot1,1783819709.70024,0.5279272734652428,0.2779272734652428,0.0
robot1,1783819709.9018965,0.5274080927561611,0.2774080927561611,0.0
robot1,1783819710.101009,0.5270088689455675,0.27700886894556753,0.0
robot1,1783819710.3006575,0.5267314357130972,0.2767314357130972,0.0
robot1,1783819710.4994593,0.526576597576761,0.276576597576761,0.0
robot1,1783819710.7009983,0.526546244481382,0.276546244481382,0.0
robot1,1783819710.9008102,0.5266411558099114,0.27664115580991144,0.0
robot1,1783819711.103482,0.5268624756724268,0.27686247567242683,0.0
robot1,1783819711.3017056,0.527209886507028,0.27720988650702805,0.0
robot1,1783819711.5014582,0.5276821103361096,0.27768211033610957,0.0
robot1,1783819711.7012866,0.528281125080571,0.278281125080571,0.0
robot1,1783819711.902123,0.5289982740127609,0.2789982740127609,0.0
robot1,1783819712.0996757,0.5298033623260627,0.27980336232606273,0.0
robot1,1783819712.2996514,0.5306425619851696,0.28064256198516957,0.0
robot1,1783819712.499935,0.5314717186953807,0.2814717186953807,0.0
robot1,1783819712.701192,0.5322592571779562,0.2822592571779562,0.0
robot1,1783819712.9015021,0.5329915047259811,0.2829915047259811,0.0
robot1,1783819713.1010654,0.5336676547027293,0.28366765470272925,0.0
robot1,1783819713.2995422,0.5342959572893831,0.28429595728938306,0.0
robot1,1783819713.50081,0.5348920988855994,0.2848920988855994,0.0
robot1,1783819713.702757,0.5354688352131889,0.2854688352131889,0.0
robot1,1783819713.9005804,0.536045074808652,0.28604507480865204,0.0
robot1,1783819714.1026843,0.5366166949390649,0.28661669493906494,0.0
robot1,1783819714.3000073,0.5372049774995415,0.28720497749954155,0.0
robot1,1783819714.5003684,0.5378253407729975,0.2878253407729975,0.0
robot1,1783819714.7025864,0.5384618301342298,0.28846183013422977,0.0
robot1,1783819714.9004848,0.5391357123084654,0.28913571230846535,0.0
robot1,1783819715.099827,0.539842039936543,0.289842039936543,0.0
robot1,1783819715.304321,0.5405836103660216,0.29058361036602165,0.0
robot1,1783819715.5017865,0.5413569986828037,0.29135699868280374,0.0
robot1,1783819715.6992993,0.5421619111608033,0.29216191116080326,0.0
robot1,1783819715.900362,0.5429997786694212,0.2929997786694212,0.0
robot1,1783819716.099842,0.5438679822027542,0.29386798220275423,0.0
robot1,1783819716.2994692,0.5447647625116868,0.2947647625116868,0.0
robot1,1783819716.500756,0.5456915388593119,0.2956915388593119,0.0
robot1,1783819716.7014897,0.5466446672289738,0.29664466722897376,0.0
robot1,1783819716.8999069,0.5476290397951709,0.29762903979517086,0.0
robot1,1783819717.1012516,0.5486393071896635,0.29863930718966347,0.0
robot1,1783819717.2997797,0.5496753613535423,0.29967536135354234,0.0
robot1,1783819717.5007489,0.5507411724680642,0.3007411724680642,0.0
robot1,1783819717.6995158,0.5518313567164181,0.30183135671641814,0.0
robot1,1783819717.8999438,0.5529516077328306,0.3029516077328306,0.0
robot1,1783819718.099812,0.5540943786174292,0.30409437861742916,0.0
robot1,1783819718.2994251,0.5552650628660661,0.30526506286606614,0.0
robot1,1783819718.5019975,0.5564628027959048,0.30646280279590477,0.0
robot1,1783819718.699893,0.5576837305628585,0.30768373056285847,0.0
robot1,1783819718.900007,0.5589353484953262,0.3089353484953262,0.0
robot1,1783819719.10008,0.5602087776744149,0.3102087776744149,0.0
robot1,1783819719.299727,0.5615033230793152,0.31150332307931516,0.0
robot1,1783819719.5001543,0.5628153002872297,0.3128153002872297,0.0
robot1,1783819719.6991622,0.5641353989244197,0.31413539892441966,0.0
robot1,1783819719.8993719,0.5654578059451073,0.3154578059451073,0.0
robot1,1783819720.100874,0.5667742399319484,0.3167742399319484,0.0
robot1,1783819720.2998533,0.568077836555413,0.318077836555413,0.0
robot1,1783819720.4999003,0.5693648031772004,0.3193648031772004,0.0
robot1,1783819720.7011456,0.5706358807149741,0.32063588071497406,0.0
robot1,1783819720.899281,0.5718841254956507,0.3218841254956507,0.0
robot1,1783819721.1000755,0.5731121421430726,0.3231121421430726,0.0
robot1,1783819721.2998958,0.5743110149678902,0.32431101496789017,0.0
robot1,1783819721.4995904,0.5754835710365321,0.32548357103653214,0.0
robot1,1783819721.7011054,0.5766223157979841,0.32662231579798406,0.0
robot1,1783819721.900351,0.5777253556978588,0.32772535569785877,0.0
robot1,1783819722.099844,0.5787890856920919,0.32878908569209186,0.0
robot1,1783819722.3019013,0.5797834765309589,0.32978347653095885,0.0
robot1,1783819722.5001698,0.58060183289161,0.33060183289161005,0.0
robot1,1783819722.6999671,0.5812471506881425,0.3312471506881425,0.0
robot1,1783819722.9023125,0.5817535844790998,0.33175358447909975,0.0
robot1,1783819723.1015792,0.5821284185771644,0.33212841857716435,0.0
robot1,1783819723.2993329,0.5824019140784434,0.33240191407844344,0.0
robot1,1783819723.499481,0.5825983366845415,0.33259833668454153,0.0
robot1,1783819723.703806,0.5827288093429887,0.33272880934298865,0.0
robot1,1783819723.9003975,0.582787483645627,0.33278748364562705,0.0
robot1,1783819724.1009133,0.582787483645627,0.33278748364562705,0.0
robot1,1783819724.3010383,0.582787483645627,0.33278748364562705,0.0
robot1,1783819724.5001292,0.582787483645627,0.33278748364562705,0.0
robot1,1783819724.699488,0.582787483645627,0.33278748364562705,0.0
robot1,1783819724.9019995,0.582787483645627,0.33278748364562705,0.0
robot1,1783819725.1021602,0.582787483645627,0.33278748364562705,0.0
robot1,1783819725.300038,0.582787483645627,0.33278748364562705,0.0
robot1,1783819725.5007565,0.582787483645627,0.33278748364562705,0.0
robot1,1783819725.700653,0.582787483645627,0.33278748364562705,0.0
robot1,1783819725.89999,0.582787483645627,0.33278748364562705,0.0
robot1,1783819726.1025283,0.582787483645627,0.33278748364562705,0.0
robot1,1783819726.301485,0.582787483645627,0.33278748364562705,0.0
robot1,1783819726.4994154,0.582787483645627,0.33278748364562705,0.0
robot1,1783819726.7020946,0.582787483645627,0.33278748364562705,0.0
robot1,1783819726.9008474,0.582787483645627,0.33278748364562705,0.0
robot1,1783819727.1018686,0.582787483645627,0.33278748364562705,0.0
robot1,1783819727.3024273,0.582787483645627,0.33278748364562705,0.0
robot1,1783819727.5018618,0.582787483645627,0.33278748364562705,0.0
robot1,1783819727.69955,0.582787483645627,0.33278748364562705,0.0
robot1,1783819727.9031196,0.582787483645627,0.33278748364562705,0.0
robot1,1783819728.102196,0.582787483645627,0.33278748364562705,0.0
robot1,1783819728.3019793,0.582787483645627,0.33278748364562705,0.0
robot1,1783819728.501167,0.582787483645627,0.33278748364562705,0.0
robot1,1783819728.7008276,0.582787483645627,0.33278748364562705,0.0
robot1,1783819728.9005916,0.582787483645627,0.33278748364562705,0.0
robot1,1783819729.1001983,0.582787483645627,0.33278748364562705,0.0
robot1,1783819729.3014424,0.582787483645627,0.33278748364562705,0.0
robot1,1783819729.5012934,0.582787483645627,0.33278748364562705,0.0
robot1,1783819729.7012591,0.582787483645627,0.33278748364562705,0.0
robot1,1783819729.8995266,0.582787483645627,0.33278748364562705,0.0
robot1,1783819730.0990474,0.582787483645627,0.33278748364562705,0.0
robot1,1783819730.3001688,0.582787483645627,0.33278748364562705,0.0
robot1,1783819730.5001957,0.582787483645627,0.33278748364562705,0.0
robot1,1783819730.6991932,0.5820848380669125,0.33208483806691247,0.0
robot1,1783819730.9006865,0.5806116054321174,0.33061160543211743,0.0
robot1,1783819731.1004832,0.5790300805995995,0.3290300805995995,0.0
robot1,1783819731.3001242,0.5773149720017586,0.32731497200175863,0.0
robot1,1783819731.4997246,0.5754802890096836,0.3254802890096836,0.0
robot1,1783819731.6997542,0.5735208018674299,0.32352080186742993,0.0
robot1,1783819731.8999012,0.571430752537221,0.321430752537221,0.0
robot1,1783819732.0994024,0.569226700828605,0.31922670082860505,0.0
robot1,1783819732.3000634,0.5668817352309671,0.3168817352309671,0.0
robot1,1783819732.4991882,0.5644072309240767,0.31440723092407674,0.0
robot1,1783819732.7007463,0.5617994407114716,0.3117994407114716,0.0
robot1,1783819732.9026299,0.5590954907527887,0.30909549075278875,0.0
robot1,1783819733.099904,0.5562461519661629,0.3062461519661629,0.0
robot1,1783819733.3020475,0.5532683495719236,0.3032683495719236,0.0
robot1,1783819733.5014534,0.5501546809722866,0.3001546809722866,0.0
robot1,1783819733.7020116,0.546916974651263,0.296916974651263,0.0
robot1,1783819733.901703,0.5435451653737392,0.2935451653737392,0.0
robot1,1783819734.1002855,0.5400715376464408,0.2900715376464408,0.0
robot1,1783819734.3012836,0.5365166001523163,0.2865166001523163,0.0
robot1,1783819734.5010169,0.5329300865778638,0.2829300865778638,0.0
robot1,1783819734.6999438,0.52930803926331,0.27930803926331005,0.0
robot1,1783819734.9003727,0.5256505817037841,0.2756505817037841,0.0
robot1,1783819735.0994267,0.5219469209898066,0.27194692098980655,0.0
robot1,1783819735.299709,0.518230778841493,0.26823077884149304,0.0
robot1,1783819735.5006828,0.514473339418767,0.26447333941876705,0.0
robot1,1783819735.7019074,0.510687817804784,0.260687817804784,0.0
robot1,1783819735.9002857,0.5068842241913615,0.2568842241913615,0.0
robot1,1783819736.0995638,0.5030458513153697,0.2530458513153697,0.0
robot1,1783819736.3005912,0.49918843539566565,0.24918843539566565,0.0
robot1,1783819736.499655,0.4953051156409251,0.2453051156409251,0.0
robot1,1783819736.6999927,0.49140926885559877,0.24140926885559877,0.0
robot1,1783819736.9001431,0.4874826339165256,0.23748263391652558,0.0
robot1,1783819737.1007755,0.4835504260638431,0.23355042606384308,0.0
robot1,1783819737.3001914,0.47959912942152333,0.22959912942152333,0.0
robot1,1783819737.500069,0.47562570080758787,0.22562570080758787,0.0
robot1,1783819737.7002413,0.4716512835313028,0.2216512835313028,0.0
robot1,1783819737.8995917,0.4676640637815325,0.21766406378153252,0.0
robot1,1783819738.0994904,0.4636732697769443,0.21367326977694429,0.0
robot1,1783819738.300597,0.4596761375083759,0.20967613750837588,0.0
robot1,1783819738.499971,0.45567595055154947,0.20567595055154947,0.0
robot1,1783819738.6997223,0.4516806430841804,0.20168064308418038,0.0
robot1,1783819738.8998575,0.44767874078701086,0.19767874078701086,0.0
robot1,1783819739.0995193,0.44368661415752386,0.19368661415752386,0.0
robot1,1783819739.3002622,0.43969883266965165,0.18969883266965165,0.0
robot1,1783819739.5012887,0.43572494023206404,0.18572494023206404,0.0
robot1,1783819739.699313,0.43176335289502754,0.18176335289502754,0.0
robot1,1783819739.9005964,0.42780879432281593,0.17780879432281593,0.0
robot1,1783819740.0994945,0.4238753048247148,0.1738753048247148,0.0
robot1,1783819740.3001125,0.41995942022291183,0.16995942022291183,0.0
robot1,1783819740.4996371,0.41605789315053354,0.16605789315053354,0.0
robot1,1783819740.699254,0.41294681761434027,0.16294681761434027,0.0
robot1,1783819740.8993528,0.41294681761434027,0.16294681761434027,0.0
robot1,1783819741.0998297,0.41294681761434027,0.16294681761434027,0.0
robot1,1783819741.2991707,0.41294681761434027,0.16294681761434027,0.0
robot1,1783819741.4995406,0.41294681761434027,0.16294681761434027,0.0
robot1,1783819741.6992798,0.41294681761434027,0.16294681761434027,0.0
robot1,1783819741.9005911,0.41294681761434027,0.16294681761434027,0.0
robot1,1783819742.1004212,0.41294681761434027,0.16294681761434027,0.0
robot1,1783819742.30234,0.41294681761434027,0.16294681761434027,0.0
robot1,1783819742.5002458,0.41294681761434027,0.16294681761434027,0.0
robot1,1783819742.6999218,0.41294681761434027,0.16294681761434027,0.0
robot1,1783819742.9028525,0.41294681761434027,0.16294681761434027,0.0
robot1,1783819743.1017368,0.41294681761434027,0.16294681761434027,0.0
robot1,1783819743.3006997,0.41294681761434027,0.16294681761434027,0.0
robot1,1783819743.4991884,0.41294681761434027,0.16294681761434027,0.0
robot1,1783819743.7026267,0.41294681761434027,0.16294681761434027,0.0
robot1,1783819743.9004993,0.41294681761434027,0.16294681761434027,0.0
robot1,1783819744.1019285,0.41294681761434027,0.16294681761434027,0.0
robot1,1783819744.3016143,0.41294681761434027,0.16294681761434027,0.0
robot1,1783819744.5000782,0.41294681761434027,0.16294681761434027,0.0
robot1,1783819744.7011929,0.41294681761434027,0.16294681761434027,0.0
robot1,1783819744.901149,0.41294681761434027,0.16294681761434027,0.0
robot1,1783819745.099003,0.41294681761434027,0.16294681761434027,0.0
robot1,1783819745.299629,0.41294681761434027,0.16294681761434027,0.0
robot1,1783819745.5019028,0.41294681761434027,0.16294681761434027,0.0
robot1,1783819745.699942,0.41294681761434027,0.16294681761434027,0.0
robot1,1783819745.900369,0.41294681761434027,0.16294681761434027,0.0
robot1,1783819746.1010406,0.41294681761434027,0.16294681761434027,0.0
robot1,1783819746.2998517,0.41294681761434027,0.16294681761434027,0.0
robot1,1783819746.4995604,0.41294681761434027,0.16294681761434027,0.0
robot1,1783819746.6992042,0.41294681761434027,0.16294681761434027,0.0
robot1,1783819746.8995006,0.41294681761434027,0.16294681761434027,0.0
robot1,1783819747.1048987,0.41294681761434027,0.16294681761434027,0.0
robot1,1783819747.3009014,0.41294681761434027,0.16294681761434027,0.0
robot1,1783819747.4990582,0.41294681761434027,0.16294681761434027,0.0
robot1,1783819747.7003293,0.41294681761434027,0.16294681761434027,0.0
robot1,1783819747.89962,0.41294681761434027,0.16294681761434027,0.0
robot1,1783819748.1002934,0.41294681761434027,0.16294681761434027,0.0
robot1,1783819748.3025186,0.41294681761434027,0.16294681761434027,0.0
robot1,1783819748.5002253,0.41294681761434027,0.16294681761434027,0.0
robot1,1783819748.6995385,0.41294681761434027,0.16294681761434027,0.0
robot1,1783819748.9006627,0.41294681761434027,0.16294681761434027,0.0
robot1,1783819749.101999,0.41294681761434027,0.16294681761434027,0.0
robot1,1783819749.3002546,0.41294681761434027,0.16294681761434027,0.0
robot1,1783819749.504368,0.41294681761434027,0.16294681761434027,0.0
robot1,1783819749.7012606,0.41294681761434027,0.16294681761434027,0.0
robot1,1783819749.899284,0.41294681761434027,0.16294681761434027,0.0
robot1,1783819750.100306,0.41294681761434027,0.16294681761434027,0.0
robot1,1783819750.3006468,0.41294681761434027,0.16294681761434027,0.0
robot1,1783819750.4991453,0.41294681761434027,0.16294681761434027,0.0
robot1,1783819750.7011125,0.41294681761434027,0.16294681761434027,0.0
robot1,1783819750.901084,0.41294681761434027,0.16294681761434027,0.0
robot1,1783819751.1001484,0.41294681761434027,0.16294681761434027,0.0
robot1,1783819751.3000681,0.41294681761434027,0.16294681761434027,0.0
robot1,1783819751.4992166,0.41294681761434027,0.16294681761434027,0.0
robot1,1783819751.7015195,0.41294681761434027,0.16294681761434027,0.0
robot1,1783819751.9009418,0.41294681761434027,0.16294681761434027,0.0
robot1,1783819752.0993555,0.41294681761434027,0.16294681761434027,0.0
robot1,1783819752.3006656,0.41294681761434027,0.16294681761434027,0.0
robot1,1783819752.500202,0.41294681761434027,0.16294681761434027,0.0
robot1,1783819752.6997871,0.41294681761434027,0.16294681761434027,0.0
robot1,1783819752.9005625,0.41294681761434027,0.16294681761434027,0.0
robot1,1783819753.0998385,0.41294681761434027,0.16294681761434027,0.0
robot1,1783819753.300159,0.41294681761434027,0.16294681761434027,0.0
robot1,1783819753.500152,0.41294681761434027,0.16294681761434027,0.0
robot1,1783819753.7030687,0.41294681761434027,0.16294681761434027,0.0
robot1,1783819753.9010918,0.41294681761434027,0.16294681761434027,0.0
robot1,1783819754.100286,0.41294681761434027,0.16294681761434027,0.0
robot1,1783819754.303618,0.41294681761434027,0.16294681761434027,0.0
robot1,1783819754.500067,0.41294681761434027,0.16294681761434027,0.0
robot1,1783819754.6996286,0.41294681761434027,0.16294681761434027,0.0
robot1,1783819754.9007916,0.41294681761434027,0.16294681761434027,0.0
robot1,1783819755.0993936,0.41294681761434027,0.16294681761434027,0.0
robot1,1783819755.2993696,0.41294681761434027,0.16294681761434027,0.0
robot1,1783819755.5000114,0.41294681761434027,0.16294681761434027,0.0
robot1,1783819755.6995609,0.41294681761434027,0.16294681761434027,0.0
robot1,1783819755.9005895,0.41294681761434027,0.16294681761434027,0.0
robot1,1783819756.1025798,0.41294681761434027,0.16294681761434027,0.0
robot1,1783819756.300559,0.41294681761434027,0.16294681761434027,0.0
robot1,1783819756.4997137,0.41294681761434027,0.16294681761434027,0.0
robot1,1783819756.7005744,0.41294681761434027,0.16294681761434027,0.0
robot1,1783819756.8992572,0.41294681761434027,0.16294681761434027,0.0
robot1,1783819757.1003025,0.4131149966670376,0.1631149966670376,0.0
robot1,1783819757.301371,0.41351325474747047,0.16351325474747047,0.0
robot1,1783819757.5002017,0.4140000792692813,0.16400007926928128,0.0
robot1,1783819757.6997526,0.4145833519405196,0.1645833519405196,0.0
robot1,1783819757.9005551,0.415268489740326,0.16526848974032599,0.0
robot1,1783819758.0998473,0.4160630459947728,0.16606304599477278,0.0
robot1,1783819758.301385,0.41698583542784373,0.16698583542784373,0.0
robot1,1783819758.5016303,0.4180646325825967,0.16806463258259668,0.0
robot1,1783819758.700556,0.41930833631251885,0.16930833631251885,0.0
robot1,1783819758.900914,0.4207197147346348,0.17071971473463482,0.0
robot1,1783819759.1022189,0.42231959586409906,0.17231959586409906,0.0
robot1,1783819759.29977,0.42407659940761816,0.17407659940761816,0.0
robot1,1783819759.5015025,0.42602595870692755,0.17602595870692755,0.0
robot1,1783819759.7022579,0.4281132943958516,0.1781132943958516,0.0
robot1,1783819759.899924,0.4301705394344978,0.1801705394344978,0.0
robot1,1783819760.0995636,0.4321788789706007,0.1821788789706007,0.0
robot1,1783819760.3052156,0.4341351440142961,0.1841351440142961,0.0
robot1,1783819760.4997625,0.4360322003327888,0.18603220033278878,0.0
robot1,1783819760.7014546,0.4378762802406881,0.1878762802406881,0.0
robot1,1783819760.902809,0.4396600240965333,0.18966002409653332,0.0
robot1,1783819761.10144,0.4413845003748686,0.1913845003748686,0.0
robot1,1783819761.2992585,0.4430603246478053,0.19306032464780531,0.0
robot1,1783819761.499465,0.44467181713401627,0.19467181713401627,0.0
robot1,1783819761.7014148,0.44622526082760416,0.19622526082760416,0.0
robot1,1783819761.9006155,0.4477254614517641,0.19772546145176412,0.0
robot1,1783819762.099269,0.4491636333988424,0.1991636333988424,0.0
robot1,1783819762.3003333,0.45054484947097473,0.20054484947097473,0.0
robot1,1783819762.5002093,0.4518635335401071,0.2018635335401071,0.0
robot1,1783819762.700227,0.4531277609344428,0.2031277609344428,0.0
robot1,1783819762.902457,0.45433124649250584,0.20433124649250584,0.0
robot1,1783819763.0997896,0.45547524140413165,0.20547524140413165,0.0
robot1,1783819763.2994275,0.4565588292814228,0.20655882928142277,0.0
robot1,1783819763.4995334,0.45758206894125697,0.20758206894125697,0.0
robot1,1783819763.6999283,0.4585459977803101,0.20854599778031008,0.0
robot1,1783819763.8998578,0.4594477559237689,0.2094477559237689,0.0
robot1,1783819764.0998266,0.4602901384694141,0.21029013846941408,0.0
robot1,1783819764.3005888,0.4610732669078158,0.2110732669078158,0.0
robot1,1783819764.501991,0.4617952293075836,0.2117952293075836,0.0
robot1,1783819764.700719,0.46245395642311077,0.21245395642311077,0.0
robot1,1783819764.9009914,0.46305338923236145,0.21305338923236145,0.0
robot1,1783819765.1027505,0.4635926020678651,0.21359260206786512,0.0
robot1,1783819765.3000753,0.46406970781396173,0.21406970781396173,0.0
robot1,1783819765.5012786,0.4645074243411258,0.2145074243411258,0.0
robot1,1783819765.6998096,0.4649395854087829,0.21493958540878288,0.0
robot1,1783819765.9004083,0.4653834827316397,0.2153834827316397,0.0
robot1,1783819766.1003592,0.46585162429733595,0.21585162429733595,0.0
robot1,1783819766.3003688,0.466349504342393,0.21634950434239297,0.0
robot1,1783819766.4998841,0.46687818566535993,0.21687818566535993,0.0
robot1,1783819766.6993816,0.4674415863038057,0.21744158630380572,0.0
robot1,1783819766.9010112,0.46803887247346926,0.21803887247346926,0.0
robot1,1783819767.0997305,0.4686676985121412,0.21866769851214118,0.0
robot1,1783819767.299632,0.46933115409519705,0.21933115409519705,0.0
robot1,1783819767.501798,0.4700270234103328,0.2200270234103328,0.0
robot1,1783819767.701127,0.4707557333718278,0.2207557333718278,0.0
robot1,1783819767.8999276,0.4715177738883973,0.22151777388839727,0.0
robot1,1783819768.1021047,0.472314260736983,0.22231426073698302,0.0
robot1,1783819768.301072,0.47313903812230385,0.22313903812230385,0.0
robot1,1783819768.4991863,0.47399922537049255,0.22399922537049255,0.0
robot1,1783819768.6990647,0.47488917184881696,0.22488917184881696,0.0
robot1,1783819768.9015627,0.4758125856442488,0.22581258564424878,0.0
robot1,1783819769.0995665,0.4767679024638208,0.22676790246382078,0.0
robot1,1783819769.299761,0.4777561736642827,0.2277561736642827,0.0
robot1,1783819769.5009892,0.47877430672861915,0.22877430672861915,0.0
robot1,1783819769.6999972,0.4798231551327421,0.2298231551327421,0.0
robot1,1783819769.90011,0.48090357058866395,0.23090357058866395,0.0
robot1,1783819770.1007977,0.48201456588421987,0.23201456588421987,0.0
robot1,1783819770.2999773,0.4831566180007882,0.23315661800078818,0.0
robot1,1783819770.500135,0.48432770199123365,0.23432770199123365,0.0
robot1,1783819770.699394,0.4855302850894447,0.23553028508944468,0.0
robot1,1783819770.8995378,0.4867626676105913,0.23676266761059128,0.0
robot1,1783819771.099606,0.48802475609043594,0.23802475609043594,0.0
robot1,1783819771.299335,0.4893176875276414,0.23931768752764138,0.0
robot1,1783819771.499753,0.4906365340786429,0.24063653407864288,0.0
robot1,1783819771.6994307,0.4919862299100368,0.24198622991003682,0.0
robot1,1783819771.9004984,0.4933637131742172,0.24336371317421718,0.0
robot1,1783819772.0995507,0.4947717173597077,0.2447717173597077,0.0
robot1,1783819772.300372,0.4962060687347482,0.2462060687347482,0.0
robot1,1783819772.5003312,0.4976666789469234,0.2476666789469234,0.0
robot1,1783819772.7004619,0.4991609513677898,0.24916095136778982,0.0
robot1,1783819772.8997357,0.5006792786877655,0.2506792786877655,0.0
robot1,1783819773.102288,0.5015995292682792,0.2515995292682792,0.0
robot1,1783819773.3006442,0.5015995292682792,0.2515995292682792,0.0
robot1,1783819773.5006099,0.5015995292682792,0.2515995292682792,0.0
robot1,1783819773.7006683,0.5015995292682792,0.2515995292682792,0.0
robot1,1783819773.8997333,0.5015995292682792,0.2515995292682792,0.0
robot1,1783819774.1007736,0.5015995292682792,0.2515995292682792,0.0
robot1,1783819774.3001387,0.5015995292682792,0.2515995292682792,0.0
robot1,1783819774.4995153,0.5015995292682792,0.2515995292682792,0.0
robot1,1783819774.7002594,0.5015995292682792,0.2515995292682792,0.0
robot1,1783819774.901219,0.5015995292682792,0.2515995292682792,0.0
robot1,1783819775.0993233,0.5015995292682792,0.2515995292682792,0.0
robot1,1783819775.301272,0.5015995292682792,0.2515995292682792,0.0
robot1,1783819775.5014951,0.5015995292682792,0.2515995292682792,0.0
robot1,1783819775.7005277,0.5015995292682792,0.2515995292682792,0.0
robot1,1783819775.9002721,0.5015995292682792,0.2515995292682792,0.0
robot1,1783819776.10216,0.5015995292682792,0.2515995292682792,0.0
robot1,1783819776.299577,0.5015995292682792,0.2515995292682792,0.0
robot1,1783819776.4999006,0.5015995292682792,0.2515995292682792,0.0
robot1,1783819776.6998842,0.5015995292682792,0.2515995292682792,0.0
robot1,1783819776.8994377,0.5015995292682792,0.2515995292682792,0.0
robot1,1783819777.099239,0.5015995292682792,0.2515995292682792,0.0
robot1,1783819777.300372,0.5015995292682792,0.2515995292682792,0.0
robot1,1783819777.4994295,0.5015995292682792,0.2515995292682792,0.0
robot1,1783819777.7007163,0.5015995292682792,0.2515995292682792,0.0
robot1,1783819777.8998256,0.5015995292682792,0.2515995292682792,0.0
robot1,1783819778.0996182,0.5015995292682792,0.2515995292682792,0.0
robot1,1783819778.2994397,0.5015995292682792,0.2515995292682792,0.0
robot1,1783819778.499643,0.5015995292682792,0.2515995292682792,0.0
robot1,1783819778.7006967,0.5015995292682792,0.2515995292682792,0.0
robot1,1783819778.9009678,0.5015995292682792,0.2515995292682792,0.0
robot1,1783819779.1000288,0.5015995292682792,0.2515995292682792,0.0
robot1,1783819779.2997158,0.5015995292682792,0.2515995292682792,0.0
robot1,1783819779.500685,0.5015995292682792,0.2515995292682792,0.0
robot1,1783819779.6998713,0.5015995292682792,0.2515995292682792,0.0
robot1,1783819779.8996074,0.5015995292682792,0.2515995292682792,0.0
robot1,1783819780.1040518,0.5015995292682792,0.2515995292682792,0.0
robot1,1783819780.3005521,0.5015995292682792,0.2515995292682792,0.0
robot1,1783819780.4995935,0.5015995292682792,0.2515995292682792,0.0
robot1,1783819780.70184,0.5015995292682792,0.2515995292682792,0.0
robot1,1783819780.9039073,0.5015995292682792,0.2515995292682792,0.0
robot1,1783819781.1002085,0.5015995292682792,0.2515995292682792,0.0
robot1,1783819781.3022537,0.5015995292682792,0.2515995292682792,0.0
robot1,1783819781.499552,0.5015995292682792,0.2515995292682792,0.0
robot1,1783819781.7005222,0.5015995292682792,0.2515995292682792,0.0
robot2,1783819663.1039965,1.03,0.78,0.0
robot2,1783819663.4261003,1.03,0.78,0.0
robot2,1783819663.5246487,1.03,0.78,0.0
robot2,1783819663.7000473,1.03,0.78,0.0
robot2,1783819663.9000769,1.03,0.78,0.0
robot2,1783819664.1002944,1.03,0.78,0.0
robot2,1783819664.300546,1.03,0.78,0.0
robot2,1783819664.5002148,1.03,0.78,0.0
robot2,1783819664.7001796,1.03,0.78,0.0
robot2,1783819664.9019434,1.03,0.78,0.0
robot2,1783819665.1017325,1.03,0.78,0.0
robot2,1783819665.2998235,1.03,0.78,0.0
robot2,1783819665.5013373,1.03,0.78,0.0
robot2,1783819665.699665,1.03,0.78,0.0
robot2,1783819665.899655,1.03,0.78,0.0
robot2,1783819666.0992887,1.03,0.78,0.0
robot2,1783819666.2999842,1.03,0.78,0.0
robot2,1783819666.499496,1.03,0.78,0.0
robot2,1783819666.699826,1.03,0.78,0.0
robot2,1783819666.8994482,1.03,0.78,0.0
robot2,1783819667.0994735,1.03,0.78,0.0
robot2,1783819667.3002508,1.03,0.78,0.0
robot2,1783819667.4993489,1.03,0.78,0.0
robot2,1783819667.699084,1.03,0.78,0.0
robot2,1783819667.8995109,1.03,0.78,0.0
robot2,1783819668.1000957,1.03,0.78,0.0
robot2,1783819668.2989812,1.03,0.78,0.0
robot2,1783819668.4998453,1.03,0.78,0.0
robot2,1783819668.7007866,1.03,0.78,0.0
robot2,1783819668.8996725,1.03,0.78,0.0
robot2,1783819669.1006258,1.03,0.78,0.0
robot2,1783819669.2995756,1.03,0.78,0.0
robot2,1783819669.500226,1.03,0.78,0.0
robot2,1783819669.7003214,1.03,0.78,0.0
robot2,1783819669.89969,1.03,0.78,0.0
robot2,1783819670.0994616,1.03,0.78,0.0
robot2,1783819670.3018243,1.03,0.78,0.0
robot2,1783819670.5000665,1.03,0.78,0.0
robot2,1783819670.6994672,1.03,0.78,0.0
robot2,1783819670.9002814,1.03,0.78,0.0
robot2,1783819671.1002934,1.03,0.78,0.0
robot2,1783819671.2995665,1.03,0.78,0.0
robot2,1783819671.5003865,1.03,0.78,0.0
robot2,1783819671.7013295,1.03,0.78,0.0
robot2,1783819671.8991985,1.03,0.78,0.0
robot2,1783819672.099743,1.03,0.78,0.0
robot2,1783819672.3024235,1.03,0.78,0.0
robot2,1783819672.5004323,1.03,0.78,0.0
robot2,1783819672.6999269,1.03,0.78,0.0
robot2,1783819672.9003825,1.03,0.78,0.0
robot2,1783819673.0999608,1.03,0.78,0.0
robot2,1783819673.3015628,1.0292307276007895,0.7792307276007895,0.0
robot2,1783819673.49938,1.0272320817727416,0.7772320817727416,0.0
robot2,1783819673.7019298,1.025131360274067,0.775131360274067,0.0
robot2,1783819673.9011016,1.022886951181893,0.772886951181893,0.0
robot2,1783819674.1001434,1.020516261120581,0.7705162611205809,0.0
robot2,1783819674.299678,1.0179962484420664,0.7679962484420664,0.0
robot2,1783819674.5045512,1.015367789813192,0.7653677898131921,0.0
robot2,1783819674.7031598,1.0125997001238753,0.7625997001238753,0.0
robot2,1783819674.9009275,1.0097179376060463,0.7597179376060463,0.0
robot2,1783819675.099889,1.006689342904372,0.756689342904372,0.0
robot2,1783819675.3016315,1.0035175117946538,0.7535175117946538,0.0
robot2,1783819675.5003035,1.0002349882629307,0.7502349882629307,0.0
robot2,1783819675.7022562,0.9968276367011963,0.7468276367011963,0.0
robot2,1783819675.9029224,0.9933143841843824,0.7433143841843824,0.0
robot2,1783819676.1003938,0.9896899676781705,0.7396899676781705,0.0
robot2,1783819676.301821,0.9859445126655219,0.7359445126655219,0.0
robot2,1783819676.502856,0.9820990763644531,0.7320990763644531,0.0
robot2,1783819676.6993282,0.9781839261953492,0.7281839261953492,0.0
robot2,1783819676.9015276,0.9741763440776147,0.7241763440776147,0.0
robot2,1783819677.099604,0.9701918485007149,0.7201918485007149,0.0
robot2,1783819677.300053,0.9662007746068648,0.7162007746068648,0.0
robot2,1783819677.500617,0.962220260190127,0.712220260190127,0.0
robot2,1783819677.702095,0.9582569842471514,0.7082569842471514,0.0
robot2,1783819677.9008572,0.9543019547811987,0.7043019547811987,0.0
robot2,1783819678.0998502,0.9503564888216148,0.7003564888216148,0.0
robot2,1783819678.3008528,0.9464336607138533,0.6964336607138533,0.0
robot2,1783819678.500273,0.9425353594900173,0.6925353594900173,0.0
robot2,1783819678.7017658,0.938651566799573,0.688651566799573,0.0
robot2,1783819678.8998158,0.9347996171083559,0.6847996171083559,0.0
robot2,1783819679.101329,0.9309772865757606,0.6809772865757606,0.0
robot2,1783819679.2998118,0.9271848000169142,0.6771848000169142,0.0
robot2,1783819679.5006132,0.9234257194415573,0.6734257194415573,0.0
robot2,1783819679.7004437,0.9197024375120584,0.6697024375120584,0.0
robot2,1783819679.901777,0.9160171413438312,0.6660171413438312,0.0
robot2,1783819680.0995498,0.9123774295056213,0.6623774295056213,0.0
robot2,1783819680.3005402,0.9087732650958723,0.6587732650958723,0.0
robot2,1783819680.499364,0.9052209162194556,0.6552209162194556,0.0
robot2,1783819680.6999512,0.9017151116231353,0.6517151116231353,0.0
robot2,1783819680.899711,0.8982636004318264,0.6482636004318264,0.0
robot2,1783819681.1016362,0.8948622040923813,0.6448622040923813,0.0
robot2,1783819681.3000221,0.8915259187916856,0.6415259187916856,0.0
robot2,1783819681.4998665,0.8882445100225822,0.6382445100225822,0.0
robot2,1783819681.702057,0.885019242998702,0.635019242998702,0.0
robot2,1783819681.9001591,0.8818624436305356,0.6318624436305356,0.0
robot2,1783819682.100866,0.8787808221522709,0.6287808221522709,0.0
robot2,1783819682.299908,0.875757289903306,0.625757289903306,0.0
robot2,1783819682.499432,0.8728133483339727,0.6228133483339727,0.0
robot2,1783819682.6998937,0.8699386132879109,0.6199386132879109,0.0
robot2,1783819682.899988,0.8671415241300456,0.6171415241300456,0.0
robot2,1783819683.0998127,0.8643959233555911,0.6143959233555911,0.0
robot2,1783819683.2994251,0.8616885073470163,0.6116885073470163,0.0
robot2,1783819683.4995375,0.8590036699483558,0.6090036699483558,0.0
robot2,1783819683.7013366,0.8563349426908089,0.6063349426908089,0.0
robot2,1783819683.8998885,0.8536818316388964,0.6036818316388964,0.0
robot2,1783819684.10183,0.8510362790863509,0.6010362790863509,0.0
robot2,1783819684.2992055,0.8483984721362232,0.5983984721362232,0.0
robot2,1783819684.5000317,0.845774519673328,0.595774519673328,0.0
robot2,1783819684.700116,0.8431619684647618,0.5931619684647618,0.0
robot2,1783819684.9006643,0.8405590984589006,0.5905590984589006,0.0
robot2,1783819685.1002395,0.8379706387213264,0.5879706387213264,0.0
robot2,1783819685.300297,0.8353907154502133,0.5853907154502133,0.0
robot2,1783819685.4998965,0.8328200365823921,0.5828200365823921,0.0
robot2,1783819685.7004433,0.8302634646575999,0.5802634646575999,0.0
robot2,1783819685.901442,0.8277192893787753,0.5777192893787753,0.0
robot2,1783819686.1010277,0.8251823902143838,0.5751823902143838,0.0
robot2,1783819686.3011825,0.8226612259489055,0.5726612259489055,0.0
robot2,1783819686.5031512,0.8201493144224915,0.5701493144224915,0.0
robot2,1783819686.70158,0.8176476711550708,0.5676476711550708,0.0
robot2,1783819686.9008234,0.8151627521308664,0.5651627521308664,0.0
robot2,1783819687.1015916,0.8126869776071233,0.5626869776071233,0.0
robot2,1783819687.3002872,0.8102234256296627,0.5602234256296627,0.0
robot2,1783819687.500383,0.8077712482549417,0.5577712482549417,0.0
robot2,1783819687.6992023,0.8053370473647803,0.5553370473647803,0.0
robot2,1783819687.9051523,0.8029063887193029,0.5529063887193029,0.0
robot2,1783819688.1005979,0.800495950725625,0.550495950725625,0.0
robot2,1783819688.3019977,0.7980941382803209,0.5480941382803209,0.0
robot2,1783819688.5022388,0.7957032359524504,0.5457032359524504,0.0
robot2,1783819688.70043,0.7933344603453468,0.5433344603453468,0.0
robot2,1783819688.9039664,0.7909656895831989,0.5409656895831989,0.0
robot2,1783819689.102374,0.7886204241874311,0.5386204241874311,0.0
robot2,1783819689.2996976,0.7862754693593205,0.5362754693593205,0.0
robot2,1783819689.5012715,0.7839621921760505,0.5339621921760505,0.0
robot2,1783819689.7027404,0.7816553027045245,0.5316553027045245,0.0
robot2,1783819689.900204,0.779365344861798,0.529365344861798,0.0
robot2,1783819690.1014016,0.7770847190337804,0.5270847190337804,0.0
robot2,1783819690.3018563,0.7748169528933484,0.5248169528933484,0.0
robot2,1783819690.499757,0.7725668205065224,0.5225668205065224,0.0
robot2,1783819690.7003636,0.770328539908482,0.520328539908482,0.0
robot2,1783819690.9079468,0.7681024503176244,0.5181024503176244,0.0
robot2,1783819691.1398253,0.7681024503176244,0.5181024503176244,0.0
robot2,1783819691.3026478,0.7636999979308082,0.5136999979308082,0.0
robot2,1783819691.5001862,0.7615202618388651,0.5115202618388651,0.0
robot2,1783819691.7066846,0.7593493755910931,0.5093493755910931,0.0
robot2,1783819691.9008355,0.7572040230040078,0.5072040230040078,0.0
robot2,1783819692.0999298,0.7550685709456381,0.5050685709456381,0.0
robot2,1783819692.3042343,0.7529480107581993,0.5029480107581993,0.0
robot2,1783819692.5043597,0.7508446650557792,0.5008446650557792,0.0
robot2,1783819692.6998818,0.7487530390206119,0.49875303902061185,0.0
robot2,1783819692.8998609,0.746676917052691,0.496676917052691,0.0
robot2,1783819693.1006174,0.7446199617511026,0.49461996175110257,0.0
robot2,1783819693.3019388,0.742579203056264,0.492579203056264,0.0
robot2,1783819693.5015745,0.7405529746322848,0.49055297463228476,0.0
robot2,1783819693.701646,0.7385420839325978,0.4885420839325978,0.0
robot2,1783819693.8997314,0.736549014675961,0.486549014675961,0.0
robot2,1783819694.100382,0.7345715154792819,0.4845715154792819,0.0
robot2,1783819694.3007503,0.7326102258270828,0.4826102258270828,0.0
robot2,1783819694.501107,0.7306658343981591,0.48066583439815913,0.0
robot2,1783819694.6997411,0.7287382818567113,0.4787382818567113,0.0
robot2,1783819694.899704,0.7268274758683467,0.47682747586834673,0.0
robot2,1783819695.1028063,0.7249331901921482,0.4749331901921482,0.0
robot2,1783819695.3018491,0.7230517605537244,0.47305176055372444,0.0
robot2,1783819695.5003283,0.7211966673797543,0.4711966673797543,0.0
robot2,1783819695.6999943,0.7193545315781815,0.4693545315781815,0.0
robot2,1783819695.903248,0.7175315390847674,0.4675315390847674,0.0
robot2,1783819696.1008399,0.715722306853053,0.46572230685305305,0.0
robot2,1783819696.3016086,0.7139337529270652,0.4639337529270652,0.0
robot2,1783819696.5008364,0.71216444426475,0.46216444426475,0.0
robot2,1783819696.7022154,0.7104122587245325,0.4604122587245325,0.0
robot2,1783819696.901343,0.7086758637347372,0.45867586373473723,0.0
robot2,1783819697.0997844,0.7069610582014517,0.4569610582014517,0.0
robot2,1783819697.3032668,0.7052626710008838,0.4552626710008838,0.0
robot2,1783819697.4993677,0.7035853213880447,0.45358532138804475,0.0
robot2,1783819697.6997623,0.7019221551886143,0.45192215518861434,0.0
robot2,1783819697.8998673,0.700238736573933,0.450238736573933,0.0
robot2,1783819698.0999718,0.6984964936704644,0.4484964936704644,0.0
robot2,1783819698.299369,0.6966800154864577,0.44668001548645775,0.0
robot2,1783819698.4999304,0.6948036592059474,0.44480365920594744,0.0
robot2,1783819698.7000086,0.6928563560911082,0.4428563560911082,0.0
robot2,1783819698.9004319,0.6908438852905379,0.44084388529053786,0.0
robot2,1783819699.1003249,0.6888121980939748,0.43881219809397476,0.0
robot2,1783819699.29967,0.6868008805797692,0.4368008805797692,0.0
robot2,1783819699.4998481,0.6848192105737311,0.4348192105737311,0.0
robot2,1783819699.699564,0.6828394000591109,0.4328394000591109,0.0
robot2,1783819699.9014409,0.6808591059979504,0.4308591059979504,0.0
robot2,1783819700.0996692,0.6788898358048733,0.4288898358048733,0.0
robot2,1783819700.299605,0.6769102054189764,0.4269102054189764,0.0
robot2,1783819700.5004623,0.6749189572040865,0.42491895720408646,0.0
robot2,1783819700.6994438,0.672899619655641,0.42289961965564105,0.0
robot2,1783819700.8999789,0.6708476021334403,0.4208476021334403,0.0
robot2,1783819701.1011539,0.6687586480408596,0.4187586480408596,0.0
robot2,1783819701.299749,0.6666248617692839,0.4166248617692839,0.0
robot2,1783819701.4998574,0.6644411364124458,0.41444113641244584,0.0
robot2,1783819701.7013953,0.6621920427298712,0.4121920427298712,0.0
robot2,1783819701.9005303,0.6598808186655087,0.40988081866550874,0.0
robot2,1783819702.0995452,0.6574894283085977,0.4074894283085977,0.0
robot2,1783819702.3000672,0.6550512300528072,0.4050512300528072,0.0
robot2,1783819702.5022902,0.6525129979091743,0.4025129979091743,0.0
robot2,1783819702.7012584,0.6498863397332834,0.39988633973328336,0.0
robot2,1783819702.900217,0.6471832921532734,0.3971832921532734,0.0
robot2,1783819703.1012156,0.6443756167529036,0.39437561675290356,0.0
robot2,1783819703.3003492,0.6414671588062465,0.3914671588062465,0.0
robot2,1783819703.5017438,0.6384671630598754,0.3884671630598754,0.0
robot2,1783819703.6999874,0.63537110864052,0.38537110864052004,0.0
robot2,1783819703.904623,0.6321533305126773,0.3821533305126773,0.0
robot2,1783819704.1016552,0.6288402329792289,0.37884023297922886,0.0
robot2,1783819704.3004026,0.6254058260842588,0.37540582608425876,0.0
robot2,1783819704.5019622,0.6218652003149197,0.37186520031491965,0.0
robot2,1783819704.700461,0.6182644250365992,0.3682644250365992,0.0
robot2,1783819704.9000158,0.6146227681437822,0.36462276814378225,0.0
robot2,1783819705.1008267,0.6109461551261222,0.36094615512612216,0.0
robot2,1783819705.3005118,0.6072386726434136,0.3572386726434136,0.0
robot2,1783819705.4995165,0.6034960829463542,0.35349608294635415,0.0
robot2,1783819705.699651,0.5997295994381956,0.3497295994381956,0.0
robot2,1783819705.8999364,0.5959284791284025,0.3459284791284025,0.0
robot2,1783819706.1009662,0.5920998232753616,0.3420998232753616,0.0
robot2,1783819706.2997475,0.5882552386212342,0.3382552386212342,0.0
robot2,1783819706.4994223,0.5843822646657139,0.33438226466571386,0.0
robot2,1783819706.6993494,0.580485314268918,0.33048531426891803,0.0
robot2,1783819706.8994124,0.5765750557497896,0.3265750557497896,0.0
robot2,1783819707.1004975,0.57264503405141,0.32264503405141,0.0
robot2,1783819707.3002312,0.5686872720071912,0.31868727200719116,0.0
robot2,1783819707.5004177,0.5647305581402909,0.31473055814029094,0.0
robot2,1783819707.7000818,0.5607747938945394,0.31077479389453944,0.0
robot2,1783819707.9014826,0.5568164846818139,0.3068164846818139,0.0
robot2,1783819708.100273,0.5528790654189858,0.3028790654189858,0.0
robot2,1783819708.300268,0.5489657406588575,0.2989657406588575,0.0
robot2,1783819708.50003,0.5450733176846781,0.29507331768467815,0.0
robot2,1783819708.7023406,0.5412403149746895,0.2912403149746895,0.0
robot2,1783819708.9007866,0.5374548328008744,0.28745483280087436,0.0
robot2,1783819709.1036596,0.5337108141578376,0.2837108141578376,0.0
robot2,1783819709.3033297,0.5300220910949661,0.2800220910949661,0.0
robot2,1783819709.499751,0.5263706076472963,0.27637060764729626,0.0
robot2,1783819709.7002437,0.5227548102075013,0.27275481020750125,0.0
robot2,1783819709.9019027,0.5191820472999621,0.2691820472999621,0.0
robot2,1783819710.1011114,0.5156398088449683,0.2656398088449683,0.0
robot2,1783819710.3006666,0.5121345428952401,0.2621345428952401,0.0
robot2,1783819710.4997878,0.5086601818013985,0.2586601818013985,0.0
robot2,1783819710.7012029,0.5052327294130534,0.2552327294130534,0.0
robot2,1783819710.9008248,0.5018475321180971,0.2518475321180971,0.0
robot2,1783819711.103424,0.4985058455030771,0.24850584550307708,0.0
robot2,1783819711.3017366,0.4952248087842952,0.2452248087842952,0.0
robot2,1783819711.5018885,0.49201458498316264,0.24201458498316264,0.0
robot2,1783819711.7013128,0.4888637990478307,0.23886379904783073,0.0
robot2,1783819711.9021752,0.48579599767018994,0.23579599767018994,0.0
robot2,1783819712.0996912,0.4827665357177134,0.23276653571771339,0.0
robot2,1783819712.2996604,0.4797626833609695,0.2297626833609695,0.0
robot2,1783819712.5004802,0.4767533155287118,0.2267533155287118,0.0
robot2,1783819712.7012053,0.4737072199671422,0.2237072199671422,0.0
robot2,1783819712.9015243,0.47061890655702904,0.22061890655702904,0.0
robot2,1783819713.1012146,0.4674902281343378,0.21749022813433783,0.0
robot2,1783819713.2995565,0.4643316151101747,0.21433161511017468,0.0
robot2,1783819713.5010424,0.4611392155738123,0.21113921557381232,0.0
robot2,1783819713.7027743,0.4579312360681705,0.2079312360681705,0.0
robot2,1783819713.9006054,0.4546838910669507,0.20468389106695067,0.0
robot2,1783819714.1037831,0.4514897238531111,0.2014897238531111,0.0
robot2,1783819714.3000329,0.448289638826345,0.19828963882634498,0.0
robot2,1783819714.500839,0.44504814821380045,0.19504814821380045,0.0
robot2,1783819714.7026002,0.44188419737188134,0.19188419737188134,0.0
robot2,1783819714.9004915,0.438706495248196,0.188706495248196,0.0
robot2,1783819715.0998394,0.43554789662450605,0.18554789662450605,0.0
robot2,1783819715.304539,0.43239829102165755,0.18239829102165755,0.0
robot2,1783819715.502692,0.4292712053917484,0.1792712053917484,0.0
robot2,1783819715.6993158,0.42616435659092694,0.17616435659092694,0.0
robot2,1783819715.9004586,0.4230685817581013,0.1730685817581013,0.0
robot2,1783819716.0998497,0.41999031721204566,0.16999031721204566,0.0
robot2,1783819716.2995286,0.4169327955228604,0.1669327955228604,0.0
robot2,1783819716.500771,0.4138887188313427,0.1638887188313427,0.0
robot2,1783819716.7014973,0.4108679571365952,0.16086795713659519,0.0
robot2,1783819716.899993,0.4087563065591625,0.1587563065591625,0.0
robot2,1783819717.1012788,0.4087563065591625,0.1587563065591625,0.0
robot2,1783819717.2998164,0.4087563065591625,0.1587563065591625,0.0
robot2,1783819717.5007699,0.4087563065591625,0.1587563065591625,0.0
robot2,1783819717.6996574,0.4087563065591625,0.1587563065591625,0.0
robot2,1783819717.9000356,0.4087563065591625,0.1587563065591625,0.0
robot2,1783819718.0998154,0.4087563065591625,0.1587563065591625,0.0
robot2,1783819718.29944,0.4087563065591625,0.1587563065591625,0.0
robot2,1783819718.502005,0.4087563065591625,0.1587563065591625,0.0
robot2,1783819718.6999156,0.4087563065591625,0.1587563065591625,0.0
robot2,1783819718.9000516,0.4084188879762987,0.15841888797629872,0.0
robot2,1783819719.1001024,0.40792546908065974,0.15792546908065974,0.0
robot2,1783819719.2997413,0.4075088945303474,0.1575088945303474,0.0
robot2,1783819719.5002139,0.4067047228385811,0.1567047228385811,0.0
robot2,1783819719.699171,0.40593780941890434,0.15593780941890434,0.0
robot2,1783819719.899473,0.40518596754511355,0.15518596754511355,0.0
robot2,1783819720.1008847,0.40445277783786776,0.15445277783786776,0.0
robot2,1783819720.2999687,0.40374185504092797,0.15374185504092797,0.0
robot2,1783819720.4999316,0.4030418595617496,0.1530418595617496,0.0
robot2,1783819720.7011528,0.40235694442537684,0.15235694442537684,0.0
robot2,1783819720.8992922,0.40169787453267,0.15169787453266997,0.0
robot2,1783819721.1000986,0.4010505236761829,0.15105052367618288,0.0
robot2,1783819721.2999122,0.40043221524602585,0.15043221524602585,0.0
robot2,1783819721.4996305,0.3998443648247032,0.1498443648247032,1.0
robot2,1783819721.7011356,0.39928789876270704,0.14928789876270704,1.0
robot2,1783819721.9003787,0.3987794104418922,0.1487794104418922,1.0
robot2,1783819722.1,0.3983281560308314,0.14832815603083138,1.0
robot2,1783819722.3019214,0.39794253072336666,0.14794253072336666,1.0
robot2,1783819722.500192,0.39762627689610885,0.14762627689610885,1.0
robot2,1783819722.700412,0.39739604589922956,0.14739604589922956,1.0
robot2,1783819722.9023435,0.39726780160944924,0.14726780160944924,1.0
robot2,1783819723.1016033,0.3972581849066263,0.1472581849066263,1.0
robot2,1783819723.2994003,0.39738320336071725,0.14738320336071725,1.0
robot2,1783819723.4994836,0.3976439109541367,0.1476439109541367,1.0
robot2,1783819723.7038243,0.39804094352427954,0.14804094352427954,1.0
robot2,1783819723.9004223,0.3985671421559784,0.14856714215597838,1.0
robot2,1783819724.1014066,0.39916455238997073,0.14916455238997073,1.0
robot2,1783819724.301066,0.39974244220562594,0.14974244220562594,1.0
robot2,1783819724.5001616,0.40028649236977515,0.15028649236977515,0.0
robot2,1783819724.6994963,0.4008180367258004,0.1508180367258004,0.0
robot2,1783819724.9020197,0.40136299305641077,0.15136299305641077,0.0
robot2,1783819725.1025689,0.40193460943333137,0.15193460943333137,0.0
robot2,1783819725.3000765,0.40254026119928066,0.15254026119928066,0.0
robot2,1783819725.5007715,0.4031865662524764,0.1531865662524764,0.0
robot2,1783819725.700934,0.40386931335335446,0.15386931335335446,0.0
robot2,1783819725.9000192,0.4045950800376939,0.1545950800376939,0.0
robot2,1783819726.1025634,0.405353520516699,0.15535352051669898,0.0
robot2,1783819726.301536,0.4061509188921119,0.1561509188921119,0.0
robot2,1783819726.4994948,0.4069890820376085,0.15698908203760847,0.0
robot2,1783819726.7021284,0.40786251796357337,0.15786251796357337,0.0
robot2,1783819726.9008832,0.4087743000726558,0.1587743000726558,0.0
robot2,1783819727.101882,0.409722205550809,0.15972220555080902,0.0
robot2,1783819727.3024333,0.41070857042859693,0.16070857042859693,0.0
robot2,1783819727.5019696,0.41173054847802965,0.16173054847802965,0.0
robot2,1783819727.69967,0.4127883534059827,0.1627883534059827,0.0
robot2,1783819727.9031408,0.41388460069967353,0.16388460069967353,0.0
robot2,1783819728.1024804,0.4150124263467202,0.1650124263467202,0.0
robot2,1783819728.3022196,0.41617696872539883,0.16617696872539883,0.0
robot2,1783819728.5011752,0.4173792263888586,0.1673792263888586,0.0
robot2,1783819728.7008677,0.41861406525075145,0.16861406525075145,0.0
robot2,1783819728.9006345,0.41988210435401496,0.16988210435401496,0.0
robot2,1783819729.100982,0.42118633511594805,0.17118633511594805,0.0
robot2,1783819729.3014908,0.42252441206650104,0.17252441206650104,0.0
robot2,1783819729.5013106,0.42389304203165956,0.17389304203165956,0.0
robot2,1783819729.701278,0.4252999288232789,0.17529992882327888,0.0
robot2,1783819729.9000857,0.4267334842059026,0.17673348420590262,0.0
robot2,1783819730.0990503,0.4282056888454047,0.17820568884540472,0.0
robot2,1783819730.3001819,0.42970635039186406,0.17970635039186406,0.0
robot2,1783819730.5002375,0.43124125344687314,0.18124125344687314,0.0
robot2,1783819730.6994755,0.43280467679043777,0.18280467679043777,0.0
robot2,1783819730.9006941,0.4344031862117251,0.18440318621172508,0.0
robot2,1783819731.1004982,0.4360294634125856,0.18602946341258558,0.0
robot2,1783819731.300342,0.4376893961195458,0.18768939611954583,0.0
robot2,1783819731.499846,0.4393756899571841,0.18937568995718412,0.0
robot2,1783819731.6997733,0.44109177058281346,0.19109177058281346,0.0
robot2,1783819731.8999171,0.44284105054018896,0.19284105054018896,0.0
robot2,1783819732.0994055,0.44461578602726143,0.19461578602726143,0.0
robot2,1783819732.3000767,0.4464223086040488,0.1964223086040488,0.0
robot2,1783819732.4992151,0.4482580330224177,0.19825803302241768,0.0
robot2,1783819732.7010293,0.45011836274051026,0.20011836274051026,0.0
robot2,1783819732.902635,0.4520084179267619,0.20200841792676189,0.0
robot2,1783819733.0999365,0.4539248844702933,0.20392488447029328,0.0
robot2,1783819733.3020673,0.4558685024042915,0.2058685024042915,0.0
robot2,1783819733.5014963,0.4578383391867841,0.20783833918678413,0.0
robot2,1783819733.7020311,0.45983286471061335,0.20983286471061335,0.0
robot2,1783819733.901729,0.4618585010711469,0.2118585010711469,0.0
robot2,1783819734.1003134,0.46390625237044514,0.21390625237044514,0.0
robot2,1783819734.3019693,0.4659820132999642,0.2159820132999642,0.0
robot2,1783819734.5011053,0.468079475918301,0.218079475918301,0.0
robot2,1783819734.700009,0.470201389834876,0.22020138983487603,0.0
robot2,1783819734.9004483,0.47234815120974905,0.22234815120974905,0.0
robot2,1783819735.0995362,0.47452661438259414,0.22452661438259414,0.0
robot2,1783819735.2996707,0.47671745268697463,0.22671745268697463,0.0
robot2,1783819735.50071,0.4789381857310471,0.22893818573104707,0.0
robot2,1783819735.7020218,0.4811816028734151,0.2311816028734151,0.0
robot2,1783819735.9003034,0.4834423525902002,0.2334423525902002,0.0
robot2,1783819736.0995913,0.4857310015819954,0.2357310015819954,0.0
robot2,1783819736.3006086,0.48803884654297425,0.23803884654297425,0.0
robot2,1783819736.4996607,0.49037068949391516,0.24037068949391516,0.0
robot2,1783819736.6999986,0.49271921693615606,0.24271921693615606,0.0
robot2,1783819736.900163,0.4950887438367608,0.24508874383676083,0.0
robot2,1783819737.1007907,0.49741774924778626,0.24741774924778626,0.0
robot2,1783819737.3003507,0.4996944927271145,0.24969449272711453,0.0
robot2,1783819737.5000873,0.5017881871598698,0.25178818715986984,0.0
robot2,1783819737.70028,0.5027486545626118,0.25274865456261175,0.0
robot2,1783819737.8997278,0.5027486545626118,0.25274865456261175,0.0
robot2,1783819738.099512,0.5027486545626118,0.25274865456261175,0.0
robot2,1783819738.3007956,0.5027486545626118,0.25274865456261175,0.0
robot2,1783819738.4999757,0.5027486545626118,0.25274865456261175,0.0
robot2,1783819738.6997385,0.5027486545626118,0.25274865456261175,0.0
robot2,1783819738.8998709,0.5027486545626118,0.25274865456261175,0.0
robot2,1783819739.0995219,0.5027486545626118,0.25274865456261175,0.0
robot2,1783819739.3008206,0.5027486545626118,0.25274865456261175,0.0
robot2,1783819739.5015504,0.5027486545626118,0.25274865456261175,0.0
robot2,1783819739.699399,0.5027486545626118,0.25274865456261175,0.0
robot2,1783819739.9005992,0.5027486545626118,0.25274865456261175,0.0
robot2,1783819740.0995038,0.5027486545626118,0.25274865456261175,0.0
robot2,1783819740.3002572,0.5027486545626118,0.25274865456261175,0.0
robot2,1783819740.4996727,0.5027486545626118,0.25274865456261175,0.0
robot2,1783819740.6996527,0.5027486545626118,0.25274865456261175,0.0
robot2,1783819740.8993564,0.5027486545626118,0.25274865456261175,0.0
robot2,1783819741.1000967,0.5027486545626118,0.25274865456261175,0.0
robot2,1783819741.2991776,0.5027486545626118,0.25274865456261175,0.0
robot2,1783819741.4995456,0.5027486545626118,0.25274865456261175,0.0
robot2,1783819741.6992826,0.5027486545626118,0.25274865456261175,0.0
robot2,1783819741.9006014,0.5027486545626118,0.25274865456261175,0.0
robot2,1783819742.1004984,0.5027486545626118,0.25274865456261175,0.0
robot2,1783819742.30268,0.5027486545626118,0.25274865456261175,0.0
robot2,1783819742.5002794,0.5027486545626118,0.25274865456261175,0.0
robot2,1783819742.700159,0.5027486545626118,0.25274865456261175,0.0
robot2,1783819742.9028926,0.5027486545626118,0.25274865456261175,0.0
robot2,1783819743.1017766,0.5027486545626118,0.25274865456261175,0.0
robot2,1783819743.3007116,0.5027486545626118,0.25274865456261175,0.0
robot2,1783819743.49919,0.5027486545626118,0.25274865456261175,0.0
robot2,1783819743.7026613,0.5027486545626118,0.25274865456261175,0.0
robot2,1783819743.9005094,0.5027486545626118,0.25274865456261175,0.0
robot2,1783819744.1020718,0.5027486545626118,0.25274865456261175,0.0
robot2,1783819744.3016171,0.5027486545626118,0.25274865456261175,0.0
robot2,1783819744.5001972,0.5027486545626118,0.25274865456261175,0.0
robot2,1783819744.7012258,0.5027486545626118,0.25274865456261175,0.0
robot2,1783819744.901155,0.5027486545626118,0.25274865456261175,0.0
robot2,1783819745.0990107,0.5027486545626118,0.25274865456261175,0.0
robot2,1783819745.2996438,0.5027486545626118,0.25274865456261175,0.0
robot2,1783819745.5019045,0.5027486545626118,0.25274865456261175,0.0
robot2,1783819745.6999853,0.5027486545626118,0.25274865456261175,0.0
robot2,1783819745.9005127,0.5027486545626118,0.25274865456261175,0.0
robot2,1783819746.1014526,0.5027486545626118,0.25274865456261175,0.0
robot2,1783819746.2998686,0.5027486545626118,0.25274865456261175,0.0
robot2,1783819746.4995813,0.5027486545626118,0.25274865456261175,0.0
robot2,1783819746.6992135,0.5027486545626118,0.25274865456261175,0.0
robot2,1783819746.8995347,0.5027486545626118,0.25274865456261175,0.0
robot2,1783819747.1049185,0.5027486545626118,0.25274865456261175,0.0
robot2,1783819747.3009262,0.5027486545626118,0.25274865456261175,0.0
robot2,1783819747.4990706,0.5027486545626118,0.25274865456261175,0.0
robot2,1783819747.7003403,0.5027486545626118,0.25274865456261175,0.0
robot2,1783819747.8996806,0.5027486545626118,0.25274865456261175,0.0
robot2,1783819748.1003382,0.5027486545626118,0.25274865456261175,0.0
robot2,1783819748.3025327,0.5027486545626118,0.25274865456261175,0.0
robot2,1783819748.500312,0.5027486545626118,0.25274865456261175,0.0
robot2,1783819748.6996362,0.5027486545626118,0.25274865456261175,0.0
robot2,1783819748.9011636,0.5027486545626118,0.25274865456261175,0.0
robot2,1783819749.102006,0.5027486545626118,0.25274865456261175,0.0
robot2,1783819749.300263,0.5027486545626118,0.25274865456261175,0.0
robot2,1783819749.504397,0.5027486545626118,0.25274865456261175,0.0
robot2,1783819749.70128,0.5027486545626118,0.25274865456261175,0.0
robot2,1783819749.8992958,0.5027486545626118,0.25274865456261175,0.0
robot2,1783819750.1003168,0.5027486545626118,0.25274865456261175,0.0
robot2,1783819750.3006587,0.5027486545626118,0.25274865456261175,0.0
robot2,1783819750.4991574,0.5027486545626118,0.25274865456261175,0.0
robot2,1783819750.701316,0.5027486545626118,0.25274865456261175,0.0
robot2,1783819750.9012334,0.5027486545626118,0.25274865456261175,0.0
robot2,1783819751.1001532,0.5027486545626118,0.25274865456261175,0.0
robot2,1783819751.3000858,0.5027486545626118,0.25274865456261175,0.0
robot2,1783819751.4992347,0.5027486545626118,0.25274865456261175,0.0
robot2,1783819751.7015376,0.5027486545626118,0.25274865456261175,0.0
robot2,1783819751.9010255,0.5027486545626118,0.25274865456261175,0.0
robot2,1783819752.0993583,0.5027486545626118,0.25274865456261175,0.0
robot2,1783819752.3006785,0.5027486545626118,0.25274865456261175,0.0
robot2,1783819752.5002754,0.5027486545626118,0.25274865456261175,0.0
robot2,1783819752.6997998,0.5027486545626118,0.25274865456261175,0.0
robot2,1783819752.9006267,0.5027486545626118,0.25274865456261175,0.0
robot2,1783819753.099843,0.5027486545626118,0.25274865456261175,0.0
robot2,1783819753.3002121,0.5019399488532206,0.2519399488532206,0.0
robot2,1783819753.5001779,0.49982288510289374,0.24982288510289374,0.0
robot2,1783819753.703086,0.4976176312123538,0.2476176312123538,0.0
robot2,1783819753.9011593,0.49525711057850413,0.24525711057850413,0.0
robot2,1783819754.1004634,0.492771309801169,0.242771309801169,0.0
robot2,1783819754.303628,0.49030547441305594,0.24030547441305594,0.0
robot2,1783819754.500436,0.48789409028474656,0.23789409028474656,0.0
robot2,1783819754.699743,0.4855668109452673,0.23556681094526732,0.0
robot2,1783819754.90081,0.4833266070743018,0.2333266070743018,0.0
robot2,1783819755.099423,0.4811824922942222,0.23118249229422222,0.0
robot2,1783819755.2993748,0.47910103703531015,0.22910103703531015,0.0
robot2,1783819755.5001066,0.47710520781253674,0.22710520781253674,0.0
robot2,1783819755.699578,0.47519082762053017,0.22519082762053017,0.0
robot2,1783819755.9006312,0.4733302363102645,0.2233302363102645,0.0
robot2,1783819756.1025841,0.47153616334078047,0.22153616334078047,0.0
robot2,1783819756.300907,0.4698238509533484,0.2198238509533484,0.0
robot2,1783819756.4997463,0.46817502440835423,0.21817502440835423,0.0
robot2,1783819756.7006478,0.4665776629374357,0.2165776629374357,0.0
robot2,1783819756.8992662,0.4657976081816461,0.21579760818164612,0.0
robot2,1783819757.1003222,0.4650474714187525,0.21504747141875252,0.0
robot2,1783819757.301426,0.4635350794396113,0.2135350794396113,0.0
robot2,1783819757.5002115,0.46278246856429134,0.21278246856429134,0.0
robot2,1783819757.6999235,0.46278246856429134,0.21278246856429134,0.0
robot2,1783819757.900572,0.46278246856429134,0.21278246856429134,0.0
robot2,1783819758.1004372,0.46278246856429134,0.21278246856429134,0.0
robot2,1783819758.3025823,0.46278246856429134,0.21278246856429134,0.0
robot2,1783819758.5021288,0.4620812460664956,0.2120812460664956,0.0
robot2,1783819758.7005625,0.4612508788853338,0.21125087888533378,0.0
robot2,1783819758.900958,0.4612508788853338,0.21125087888533378,0.0
robot2,1783819759.1023822,0.46071920865401683,0.21071920865401683,0.0
robot2,1783819759.2997968,0.4596728018587522,0.2096728018587522,0.0
robot2,1783819759.5015354,0.4596728018587522,0.2096728018587522,0.0
robot2,1783819759.7024343,0.45915744806212594,0.20915744806212594,0.0
robot2,1783819759.900062,0.4578928097397935,0.20789280973979352,0.0
robot2,1783819760.0995286,0.45713597840001585,0.20713597840001585,0.0
robot2,1783819760.3052328,0.45713597840001585,0.20713597840001585,0.0
robot2,1783819760.4997683,0.45713597840001585,0.20713597840001585,0.0
robot2,1783819760.701469,0.45665343759572435,0.20665343759572435,0.0
robot2,1783819760.902827,0.4554761873053533,0.20547618730535328,0.0
robot2,1783819761.1016939,0.4546701892577558,0.20467018925775582,0.0
robot2,1783819761.2992613,0.4546701892577558,0.20467018925775582,0.0
robot2,1783819761.4994678,0.4546701892577558,0.20467018925775582,0.0
robot2,1783819761.701426,0.4546701892577558,0.20467018925775582,0.0
robot2,1783819761.9006298,0.4546701892577558,0.20467018925775582,0.0
robot2,1783819762.099286,0.4546701892577558,0.20467018925775582,0.0
robot2,1783819762.300532,0.4546701892577558,0.20467018925775582,0.0
robot2,1783819762.5002458,0.4546701892577558,0.20467018925775582,0.0
robot2,1783819762.7007933,0.4546701892577558,0.20467018925775582,0.0
robot2,1783819762.902697,0.4546701892577558,0.20467018925775582,0.0
robot2,1783819763.0999308,0.4546701892577558,0.20467018925775582,0.0
robot2,1783819763.2995203,0.4546701892577558,0.20467018925775582,0.0
robot2,1783819763.4998245,0.4546701892577558,0.20467018925775582,0.0
robot2,1783819763.700004,0.4546701892577558,0.20467018925775582,0.0
robot2,1783819763.8998823,0.4546701892577558,0.20467018925775582,0.0
robot2,1783819764.09984,0.4546701892577558,0.20467018925775582,0.0
robot2,1783819764.3006082,0.4546701892577558,0.20467018925775582,0.0
robot2,1783819764.5022817,0.4546701892577558,0.20467018925775582,0.0
robot2,1783819764.701096,0.4546701892577558,0.20467018925775582,0.0
robot2,1783819764.9016554,0.4546701892577558,0.20467018925775582,0.0
robot2,1783819765.1030416,0.4546701892577558,0.20467018925775582,0.0
robot2,1783819765.3004117,0.4546701892577558,0.20467018925775582,0.0
robot2,1783819765.5014913,0.4546701892577558,0.20467018925775582,0.0
robot2,1783819765.6999755,0.4546701892577558,0.20467018925775582,0.0
robot2,1783819765.900466,0.4546701892577558,0.20467018925775582,0.0
robot2,1783819766.100394,0.4546701892577558,0.20467018925775582,0.0
robot2,1783819766.300438,0.4546701892577558,0.20467018925775582,0.0
robot2,1783819766.5003636,0.4544635301355427,0.2044635301355427,0.0
robot2,1783819766.699812,0.4539767322701728,0.20397673227017282,0.0
robot2,1783819766.9010332,0.4535264715964946,0.20352647159649462,0.0
robot2,1783819767.0997396,0.45312528374247846,0.20312528374247846,0.0
robot2,1783819767.2996554,0.4527825253950694,0.2027825253950694,0.0
robot2,1783819767.501816,0.4525013938492154,0.2025013938492154,0.0
robot2,1783819767.7011545,0.4522953961146244,0.20229539611462438,0.0
robot2,1783819767.8999465,0.4521675800939337,0.2021675800939337,0.0
robot2,1783819768.1021445,0.45212886786782086,0.20212886786782086,0.0
robot2,1783819768.3010867,0.4521864645034091,0.2021864645034091,0.0
robot2,1783819768.4992566,0.45234893446832614,0.20234893446832614,0.0
robot2,1783819768.6990829,0.4526225886452909,0.20262258864529092,0.0
robot2,1783819768.9015696,0.45301557024306366,0.20301557024306366,0.0
robot2,1783819769.0995715,0.45353279821942716,0.20353279821942716,0.0
robot2,1783819769.2999005,0.45418647955766794,0.20418647955766794,0.0
robot2,1783819769.5010262,0.4549757131205067,0.20497571312050672,0.0
robot2,1783819769.7000916,0.45590587661173143,0.20590587661173143,0.0
robot2,1783819769.900401,0.4569762459945865,0.20697624599458653,0.0
robot2,1783819770.1009145,0.45817763454034605,0.20817763454034605,0.0
robot2,1783819770.2999868,0.45950210795826363,0.20950210795826363,0.0
robot2,1783819770.500141,0.4609456660329314,0.2109456660329314,0.0
robot2,1783819770.699406,0.46250966767461177,0.21250966767461177,0.0
robot2,1783819770.8995397,0.4641902239070853,0.2141902239070853,0.0
robot2,1783819771.0996394,0.46598528071304623,0.21598528071304623,0.0
robot2,1783819771.2993405,0.46789454818962123,0.21789454818962123,0.0
robot2,1783819771.4997594,0.46990848801950097,0.21990848801950097,0.0
robot2,1783819771.699433,0.4720323282826085,0.2220323282826085,0.0
robot2,1783819771.9005008,0.47425904230262184,0.22425904230262184,0.0
robot2,1783819772.099574,0.4765907606125702,0.22659076061257022,0.0
robot2,1783819772.3004858,0.47901816493201754,0.22901816493201754,0.0
robot2,1783819772.5003378,0.4815384496169941,0.2315384496169941,0.0
robot2,1783819772.7012107,0.4841620635584763,0.2341620635584763,0.0
robot2,1783819772.9002686,0.4868696825414362,0.2368696825414362,0.0
robot2,1783819773.102361,0.48966202571874445,0.23966202571874445,0.0
robot2,1783819773.3006709,0.4925365733743413,0.2425365733743413,0.0
robot2,1783819773.500855,0.4955003267713232,0.24550032677132322,0.0
robot2,1783819773.701363,0.49853576399066485,0.24853576399066485,0.0
robot2,1783819773.899884,0.501648023913312,0.251648023913312,0.0
robot2,1783819774.1007874,0.5048280500093716,0.2548280500093716,0.0
robot2,1783819774.3003538,0.508076854735504,0.258076854735504,0.0
robot2,1783819774.4995203,0.511414301416396,0.261414301416396,0.0
robot2,1783819774.700267,0.5147761553790243,0.2647761553790243,0.0
robot2,1783819774.9012718,0.5182125295343598,0.2682125295343598,0.0
robot2,1783819775.099822,0.5217234297347423,0.2717234297347423,0.0
robot2,1783819775.301477,0.5252465355096901,0.27524653550969014,0.0
robot2,1783819775.5015163,0.5288506156952145,0.2788506156952145,0.0
robot2,1783819775.70054,0.5324912467811511,0.2824912467811511,0.0
robot2,1783819775.9002945,0.5361765848005394,0.2861765848005394,0.0
robot2,1783819776.1021821,0.539887826905187,0.289887826905187,0.0
robot2,1783819776.29962,0.5436180876760842,0.2936180876760842,0.0
robot2,1783819776.5004234,0.5473689569609218,0.2973689569609218,0.0
robot2,1783819776.7001176,0.5511227456384848,0.30112274563848485,0.0
robot2,1783819776.8994503,0.554880639535783,0.30488063953578304,0.0
robot2,1783819777.099338,0.55864086776314,0.30864086776314004,0.0
robot2,1783819777.3004339,0.5624024034090759,0.3124024034090759,0.0
robot2,1783819777.499443,0.5661725593503978,0.3161725593503978,0.0
robot2,1783819777.7007427,0.5699459722486386,0.31994597224863863,0.0
robot2,1783819777.899836,0.5737219966147578,0.32372199661475776,0.0
robot2,1783819778.0996711,0.5774976177767249,0.3274976177767249,0.0
robot2,1783819778.2995005,0.5812798165363805,0.3312798165363805,0.0
robot2,1783819778.4996667,0.585068129878033,0.335068129878033,0.0
robot2,1783819778.700706,0.5888466005149158,0.3388466005149158,0.0
robot2,1783819778.9015167,0.59264127735006,0.34264127735006,0.0
robot2,1783819779.1001284,0.5964326260743644,0.3464326260743644,0.0
robot2,1783819779.2997794,0.6002258563576514,0.35022585635765136,0.0
robot2,1783819779.5007136,0.6040281299447401,0.3540281299447401,0.0
robot2,1783819779.7008092,0.6078284083511154,0.3578284083511154,0.0
robot2,1783819779.9002335,0.6116505073377483,0.3616505073377483,0.0
robot2,1783819780.104086,0.6154392747167167,0.36543927471671667,0.0
robot2,1783819780.3007033,0.6192420362125431,0.36924203621254315,0.0
robot2,1783819780.499779,0.6192420362125431,0.36924203621254315,0.0
robot2,1783819780.701895,0.6192420362125431,0.36924203621254315,0.0
robot2,1783819780.9039311,0.6192420362125431,0.36924203621254315,0.0
robot2,1783819781.1003466,0.6192420362125431,0.36924203621254315,0.0
robot2,1783819781.303486,0.6192420362125431,0.36924203621254315,0.0
robot2,1783819781.499876,0.6192420362125431,0.36924203621254315,0.0
robot2,1783819781.7005336,0.6192420362125431,0.36924203621254315,0.0
